Statistic,Test Group,Control Group
count,177787,143408
mean,48.750018,48.309896
std,15.660166,15.624121
min,17,17
25%,35,34.5
50%,50.5,49.5
75%,61,60.5
max,96,96