,variation,completed
0,Control,0.12335388163608149
1,Test,0.14489274856913173
