Group,Gender,Count,Percentage
Test,M,8963,52.259343
Test,F,8188,47.740657
Control,M,6039,52.186312
Control,F,5533,47.813688
