process_step,t_statistic,p_value
confirm,0.12889940739204217,0.8974379138913583
start,-1.3013142665210833,0.19316172737406193
step_1,-6.923763065346806,4.439635145006097e-12
step_2,13.603504998508498,4.4826173058064304e-42
step_3,3.6351187240921754,0.0002781432817265357
