variation,process_step,time_diff_seconds
Control,confirm,128.65268992107957
Control,start,154.3568083573487
Control,step_1,43.12196377109922
Control,step_2,38.59436322414197
Control,step_3,92.92081146009431
Test,confirm,128.93635669018832
Test,start,148.36177941113627
Test,step_1,37.745559038662485
Test,step_2,48.17164738471566
Test,step_3,96.91100665883275
