,Metric,Test Group,Control Group
0,Mean Logins,6.246393755577395,6.31319325901105
1,T-Statistic,-8.615469006368956,-8.615469006368956
2,P-Value,6.997878214939324e-18,6.997878214939324e-18
