,Hypothesis,Group,Value,Z-Statistic,P-Value
0,Completion Rate,Test,0.6927401340282948,9.082360686792168,1.0624502604000217e-19
1,Completion Rate,Control,0.6547008547008547,9.082360686792168,1.0624502604000217e-19
2,Error Rate,Test,0.20744601638123603,6.090595852747736,1.1249120636455538e-09
3,Error Rate,Control,0.18576923076923077,6.090595852747736,1.1249120636455538e-09
